KekuatanMesin,Harga
111,134.95
111,165
154,165
102,139.5
115,174.5
110,152.5
110,177.1
110,189.2
140,238.75
101,164.3
101,169.25
121,209.7
121,211.05
121,245.65
182,307.6
182,413.15
182,368.8
48,51.51
70,62.95
70,65.75
68,55.72
68,63.77
102,79.57
68,62.29
68,66.92
68,76.09
88,89.21
145,129.64
58,64.79
76,68.55
60,53.99
76,65.29
76,71.29
76,72.95
76,72.95
86,78.95
86,90.95
86,88.45
86,102.95
101,129.45
100,103.45
78,67.85
90,110.48
176,322.5
176,355.5
262,360
68,51.95
68,60.95
68,67.95
68,66.95
68,73.95
101,109.45
101,118.45
101,136.45
135,156.45
84,88.45
84,84.95
84,105.95
84,102.45
64,107.95
84,112.45
120,182.8
72,183.44
123,255.52
123,282.48
123,281.76
123,316
155,341.84
155,350.56
184,409.6
184,454
175,165.03
68,53.89
68,61.89
68,66.69
102,76.89
116,99.59
88,84.99
145,126.29
145,148.69
145,144.89
88,69.89
88,81.89
116,92.79
116,92.79
69,54.99
55,70.99
69,66.49
69,68.49
69,73.49
69,72.99
69,77.99
69,74.99
69,79.99
69,82.49
97,89.49
97,95.49
152,134.99
152,143.99
152,134.99
160,171.99
200,196.99
160,183.99
97,119
95,132
97,124.4
95,138.6
95,155.8
95,169
95,166.95
95,170.75
97,166.3
95,179.5
142,181.5
68,55.72
102,79.57
68,62.29
68,66.92
68,76.09
88,89.21
145,127.64
143,220.18
207,325.28
207,340.28
207,370.28
95,92.95
95,98.95
110,118.5
110,121.7
110,150.4
110,155.1
160,181.5
160,186.2
69,51.18
73,70.53
73,76.03
82,71.26
82,77.75
94,99.6
82,92.33
111,112.59
82,74.63
94,101.98
82,80.13
111,116.94
62,53.48
62,63.38
62,64.88
62,69.18
62,78.98
62,87.78
70,69.38
70,71.98
56,78.98
56,77.88
70,77.38
70,83.58
70,92.58
70,80.58
70,82.38
112,92.98
112,95.38
116,84.49
116,96.39
116,99.89
116,111.99
116,115.49
116,176.69
92,89.48
73,106.98
92,99.88
92,108.98
92,112.48
161,165.58
161,159.98
156,156.9
156,157.5
52,77.75
85,79.75
52,79.95
85,81.95
85,84.95
68,94.95
100,99.95
90,115.95
90,99.8
110,132.95
68,138.45
88,122.9
114,129.4
114,134.15
114,159.85
114,165.15
162,184.2
162,189.5
114,168.45
160,190.45
134,214.85
106,224.7
114,226.25
